Account Code,Territory
78973104,Gracklstugh
68808447,Tyraturos
97994203,Cedarspoke
78025705,Dashadjen
67173182,Adama's Tooth
43895769,Marsember
79919946,Priapurl
86540562,Azureleaf
60980581,Sundabar
81897524,Adama's Tooth
63309072,Mereu
21149045,Arrabar
46251653,Vaelan
36775646,Athkatla
22808914,Mantol Dereith
55855383,Theshburl
43833583,Lundeth
44804234,Tyraturos
10838362,Alaghon
59061340,Telos City
39109211,Caer Callidyrr
71386563,Uluvin
27684321,Mucklestones
57280620,Arrabar
77509122,Wyrmspine
72667515,Urmlaspyr
60182076,Alaghon
96189292,Alaghon
94035522,Alaghon
83515451,Alaghon
13044487,Alaghon
42388389,Kai Shan
78292360,Horsa
14664262,Candlekeep
46361474,Memnonnar
30533547,Malaxer
79634925,Hilltop
43486610,Ordulin
87629297,Dwarven Valley
92487613,Paletorch
16058997,Bryn Shander
92665154,Fort Belurian
31106779,Rauvincross
95107984,Friendly Arm Inn
91051188,Tharsult
84294255,Lushpool
27924011,Paletorch
70961130,Ironfang Keep
75799261,Farview
46916955,Nykkar
45081176,Halagard
36928178,Scornubel
18807493,Olafstaad
55902734,Mirabar
49024078,Surthay
26880401,Praka
81847575,Shimmerglade
11964612,Messemprar
34189663,Nethyr
52745581,Ilmwatch
24384843,Silverymoon
71841667,Telflamm
45723145,Oman
29177122,Silverymoon
29449884,Dilpur
64335876,Caer Callidyrr
55296611,Keltar
34932550,Urmlaspyr
72234962,Caer Moray
29673684,Eveningstar
51447742,Sundabar
62532723,Amphail
84790672,Amruthar
15331924,Arkanax
90761539,Olafstaad
99241966,Pengram
70843527,Mulsantir
59735751,Sundabar
13241942,Iljak
59385131,Port Nowhere
10890588,Keltar
35956573,Eltabbar
19331688,Memnon
28016390,Targos
84775534,Ironmaster
27884740,Lushpool
73420192,Menzoberranzan
34392832,Wyrmspine
73756591,Waymoot
83776316,Palost Port
51196829,Gnarhelm
93839889,Holondeth
32053558,Emelone
59897812,Iljak
77130185,Arn Rock
28753788,Norheim
93107603,Arabel
57411920,Nashkel
89180938,Ravenstone
88780315,Furthinghome
66597790,Kuo Te' Lung
51339179,Phant
58455311,Nethyr
21374613,Silverymoon
71615032,Darromar
15825062,Koko Nur
17395880,Wai
72102224,Mussum
74382879,Ironmaster
98262112,Mucklestones
64619764,Lundeth
19324588,Arabel
76556987,Heptios
17895257,Norheim
26786524,Nyth
37083109,Arkanax
70092869,Arkanax
50771386,Arkanax
44367396,Arkanax
74015487,Hilltop
67170944,Eshpurta
34751008,Menzoberranzan
99221299,Arrabar
28984928,Arrabar
17772820,Arrabar
13920922,Arrabar
32739873,Arrabar
22063836,Dusk Hold
13491020,Eshpurta
27986442,Vaelan
74725025,Gnarhelm
50987880,Shimmerglade
59826762,The Nath
84906799,Emmesh
25481102,Arabel
50962155,Port Kir
85441975,Assur
48314386,Assur
97959078,Athkatla
10148490,Athkatla
74323924,Athkatla
91139783,Athkatla
79856930,Athkatla
13361720,Emmesh
94963978,Cedarspoke
24840445,Sambar
54122917,Nyth
88460988,Arabel
78496299,Amphail
15228624,Fort Belurian
96922255,Paletorch
69490754,Myratma
70032100,Nethyr
51814654,Citadel of Conjurers
12199049,Mount Talath
56093385,Huzuz
91222131,Krenalir
24959190,Thornhold
55433124,Nykkar
52340342,Old Vaelan
31912330,Messemprar
52804984,Baldur's Gate
55078760,Baldur's Gate
41492931,Baldur's Gate
42542141,Baldur's Gate
67219059,Baldur's Gate
86533149,Kork
89223039,Hundlestone
85438109,Tyraturos
13326321,Mulsantir
60261745,Dilpur
89006220,Calimport
35602972,Candlekeep
35148786,Messemprar
65329269,Blackstone
28595135,Yuthgalaunt
36291555,Waymoot
46912153,Beluir
71373123,Beluir
13773886,Beluir
77021874,Maur-Eturo
42729291,Tilbrand
94521196,Waterdeep
49448682,Candlekeep
10961825,Berdusk
91662056,Berdusk
60501287,Wai
43861952,Mount Talath
81251608,Cedarspoke
45408167,Bezentil
99454786,Riatavin
87431476,Dashadjen
34914779,Alaghon
39840732,Arabel
73542715,Arkanax
60506575,Arrabar
65213313,Athkatla
69480275,Baldur's Gate
70990271,Beluir
10029924,Berdusk
24548422,Caer Moray
84633028,Caer Westphal
82549867,Calimport
17226298,Cathyr
36574313,Cedarspoke
67421616,Cimbar
79678181,Citadel Adbarr
40453158,Citadel Felbarr
92961761,Crimmor
21269208,Daerlun
28374315,Darromar
75347128,Dilpur
24056219,Elturel
56529812,Erebos
62967317,Eshpurta
27516213,Eversult
54304032,Gauntlgrym
54179640,Halagard
33510530,Heliogabalus
10557002,Heptios
67777118,Holondeth
78959067,Iljak
63115531,Krenalir
42676874,Lushpool
25899316,Malaxer
36193835,Maralith
11557490,Marsember
57869507,Memnon
33662810,Messemprar
15467634,Mithral Hall
70028735,Mount Talath
69307834,Murann
89546823,Mussum
72536440,Myratma
80718657,Myth Drannor
25036473,Nyth
86204468,Ordulin
89190194,Phannaskul
65857133,Riatavin
43781660,Secomber
45838887,Shamph
32025407,Shoun
65088305,Silverymoon
92966980,Starmantle
80157312,Sundabar
74659319,Suzail
49592061,The Nath
15978405,The Smoking Keep
14400703,Thindar
38265511,Tilverton
61446856,Toreus
61180918,Trademeet
82113640,Triel
19375645,Velen
73362842,Waterdeep
94133520,Yuthgalaunt
68054556,Zabbasz
46054109,Zalazuu
10419499,Blackstone
72673261,Assur
46419568,Nykkar
74631024,Sundrah
75601510,Malaxer
18404294,Erebos
61231701,Mulsantir
66194736,Yuthgalaunt
50176731,Koko Nur
38648727,Kai Shan
21110199,Aerilpar
29294248,Alaghon
40800291,Arkanax
92741940,Arrabar
90418923,Assur
42115373,Athkatla
71265203,Baldur's Gate
70780072,Berdusk
88720360,Bezentil
31522741,Calimport
63920819,Cedarspoke
17625389,Cimbar
53763616,Citadel Adbarr
31420081,Citadel Felbarr
62851907,Crimmor
51575098,Daerlun
94199106,Daggerford
91268308,Darromar
49599273,Dilpur
47750765,Elturel
28946408,Erebos
73411560,Eshpurta
72429763,Everlund
62641964,Eversult
44977250,Farview
71080611,Halagard
25889759,Heliogabalus
48218174,Heptios
91858630,Holondeth
28881619,Huzuz
44506871,Iriaesbor
88388265,Krenalir
48273162,Lhuvenhead
87251676,Malaxer
23255270,Maralith
25224048,Marsember
57592398,Memnon
40617136,Mereu
25158099,Messemprar
13402749,Mithral Hall
29826720,Mount Talath
53172184,Murann
50077543,Mussum
80545067,Myratma
12243458,Nexal
81852057,Ordulin
49920522,Phannaskul
75638346,Proskur
36329613,Riatavin
43106209,Saerloon
64462361,Sambar
11633084,Secomber
34545100,Silverymoon
60062395,Starmantle
64597601,Sundrah
21653494,Suzail
76139635,Thunderstone
37489940,Toreus
49112754,Trademeet
74696979,Tyraturos
59383167,Vaelan
68444360,Velen
22894556,Waterdeep
30606174,Yuthgalaunt
26900899,Zabbasz
17129449,Zalazuu
91649288,Azureleaf
54834262,Nyth
49758109,Palischuk
89325299,New Alaron
52193072,Mirabar
74598806,Palischuk
76586620,Calimport
91438107,Old Vaelan
54054298,Eltabbar
47036587,Darmshall
17376522,Manshaka
37369444,Dusk Hold
45616092,Arn Rock
59874956,Uluvin
67167734,Sambar
88081147,Waterdeep
52203729,Sunderstaad
31584971,Caer Callidyrr
80755707,Caer Moray
20085265,Caer Moray
35882536,Caer Westphal
50296584,Priapurl
35865150,Calimport
94989427,Calimport
70932545,Calimport
39679950,Calimport
12635981,Calimport
69558162,Bloodstone (Damara)
78991143,Eshpurta
25881030,Keltar
33801051,Zazesspur
35207459,Malaxer
69022692,Candlekeep
38703015,Myth Drannor
41911318,Shoun
54295995,Bloodstone (Damara)
28828326,Wyrmspine
18622015,Hlath
30292572,The Smoking Keep
93706984,Gauntlgrym
95516941,Urmlaspyr
49688752,Heliogabalus
88446605,Riatavin
47739953,Mucklestones
28454032,Cathyr
31453443,Cathyr
57803119,Berdusk
37871528,Cedarspoke
99456988,Cedarspoke
56653044,Hammerstaad
74301141,New Alaron
96334901,Adama's Tooth
62124039,Heptios
15375767,Zalazuu
71598454,Caer Callidyrr
91120603,Mulsantir
94392487,Oman
91671996,Olafstaad
52043020,Azureleaf
82443584,Keltar
63955461,Messemprar
86885441,Theshburl
44677574,Baldur's Gate
60257851,Adama's Tooth
69015415,Korinn
98634175,Targos
70948808,Iljak
77191174,Marsember
48916540,Regent's Field
88481190,Eversult
24869548,New Sarshel
17187495,Caer Westphal
83290727,Eversult
47741111,Malaxer
36797862,Ironmaster
48451337,Alaghon
83818602,Korinn
63823623,Beregost
80781668,Zazesspur
94296867,Yuthgalaunt
23769663,Amruthar
41306877,Harrowdale
83369631,Nexal
92036842,Eversult
93773864,Cathyr
69691305,Cimbar
29101132,Cimbar
46929244,Cimbar
16455665,Cimbar
79485333,Luskan
90873841,Cathyr
85916785,Citadel Adbarr
48918285,Citadel Adbarr
23529304,Citadel Adbarr
20799569,Citadel Adbarr
25838799,Citadel Felbarr
43141622,Citadel Felbarr
16305118,Citadel Felbarr
70527913,Citadel Felbarr
11159134,Citadel Felbarr
19874318,Oman
66076815,Furthinghome
85546048,Cedarspoke
97842656,High Hold
56722470,Alaghon
69000870,Amruthar
10710368,Arkanax
30949079,Arrabar
80052498,Athkatla
13435190,Baldur's Gate
49654037,Beluir
66271356,Berdusk
99915005,Bezentil
42437642,Calimport
84837557,Cimbar
77069165,Citadel Adbarr
92618057,Citadel Felbarr
88384593,Crimmor
39524694,Daerlun
75028018,Darromar
11806023,Dashadjen
49911214,Dilpur
45179079,Elturel
98777657,Erebos
26221605,Eshpurta
51458808,Everlund
90851253,Eversult
36142121,Gauntlgrym
64873461,Heliogabalus
88887512,Heptios
33516134,Hlath
50160300,Holondeth
74690308,Ilmwatch
73725071,Ironspur
52161793,Khaerbaal
31323618,Krenalir
56953714,Lhuvenhead
98637577,Lundeth
32363598,Lushpool
31848297,Luskan
67878619,Lyrabar
57249556,Malaxer
97325459,Marsember
35405462,Memnon
16863355,Menzoberranzan
28172962,Messemprar
38383776,Mirabar
72285967,Mithral Hall
22584091,Morningstar Hollows
18923792,Mount Talath
51305604,Mulsantir
68145637,Murann
17315982,Myratma
27737094,Myth Drannor
84121699,Nashkel
41486662,Neverwinter
60476753,New Sarshel
31959397,Ordulin
16388114,Phannaskul
82820801,Port Nowhere
24426576,Praka
89654131,Priapurl
78596982,Red Larch
92943308,Riatavin
38622141,Saerloon
53271817,Secomber
72006458,Shamph
23012057,Shoun
17269862,Silverymoon
47092652,Starmantle
64769630,Sundabar
65013640,Sundrah
63098619,Surthay
39219144,Suzail
92518165,The Nath
39061807,Thindar
59316837,Thornhold
84521051,Tilverton
90701823,Toreus
22571675,Trademeet
22669775,Triel
15780843,Tyraturos
93609042,Velen
45078230,Waterdeep
68771108,Yuthgalaunt
13693046,Zabbasz
44926861,Zalazuu
64014500,Scornubel
81377490,Beluir
36832740,Starmantle
62418071,High Hold
21910867,Jalanthar
82304763,Port Nyanzaru
19802897,High Hold
87050695,Crimmor
38480176,Crimmor
74981108,Crimmor
35182513,Crimmor
48759197,Crimmor
92201122,Duskan
66355853,Bezentil
19685317,Uluvin
93582599,Saerloon
97347051,Elturel
84893072,Daerlun
74328241,Daerlun
30980703,Daerlun
14522249,Conyberry
16930720,Athkatla
64140914,Valls
24855868,Myth Drannor
74621189,Riatavin
54382940,Phannaskul
86148924,Priapurl
91425460,Citadel Felbarr
37618244,Memnonnar
83181910,New Sarshel
26850598,Krenalir
88414150,Arkanax
97366344,Eshpurta
32855082,Port Castigliar
40255116,Crimmor
57091009,Port Nyanzaru
81852129,Wai
42716370,New Alaron
43945769,Kork
35772603,Berranzo
34635252,Arn Rock
52705614,Koko Nur
18822411,Darromar
63312068,Darromar
74475775,Darromar
29567547,Darromar
53918766,Darromar
27771710,Oman
27715349,Morningstar Hollows
21949142,Huzuz
49358265,Telflamm
99547555,Manshaka
53680094,Starmantle
95703836,Dwarven Valley
64924504,Zalazuu
11684390,Fort Morninglord
77422735,Arkanax
52294497,Ironspur
44990902,Urmlaspyr
71582242,Rauvincross
15450003,Rauvincross
79674130,Thindar
86625854,Yuthgalaunt
40122398,Hilltop
78943920,Caer Westphal
46158407,Phant
34957633,Dilpur
86891054,Dilpur
29434529,Dilpur
99331923,Dilpur
50077937,Dilpur
18519807,Erebos
25824543,Telos City
83346512,Waymoot
18728675,Ogden
59459152,Pengram
83989775,Eltabbar
77964438,Furthinghome
81957953,Purple Rock Isles
85982859,Caer Westphal
43927902,Port Nowhere
30011430,Whalebone Isles
21625007,High Hold
43642384,Port Nowhere
22228088,Amphail
99718447,Shamph
75540294,Port Nowhere
39343095,Thornhold
95681175,Wyrmspine
47622706,Eshpurta
29699552,Bezentil
96226009,Urmlaspyr
53732737,Ilmwatch
75463686,Adama's Tooth
50336227,Citadel of Conjurers
19474102,The Nath
46596068,Highrock
42076061,Shimmerglade
87050140,Darromar
74531875,Waymoot
44754767,Luskan
49264251,Nyth
25069738,Urmlaspyr
57985535,Easting
99126289,Easting
48163102,Targos
28368101,Assur
83503621,Mithral Hall
64968673,The Smoking Keep
11758301,Gauntlgrym
11621759,High Hold
65717354,Horsa
52153437,Goldenfields
53359394,Neverwinter
83295493,Cimbar
59339674,Phannaskul
30896866,Eveningstar
45842523,New Alaron
49383120,The Nath
98464345,Arn Rock
95679505,Theshburl
94641557,Eltabbar
58813584,Eltabbar
31582829,Eltabbar
66405432,Elturel
99435242,Elturel
90921607,Elturel
81296406,Elturel
10446275,Fort Belurian
10206691,Ogden
98497189,Uluvin
10220366,Myth Drannor
11758838,Baldur's Gate
84322033,Amruthar
63978729,Mirabar
34768020,Sundrah
16996227,Eveningstar
33603413,Port Castigliar
79494822,Zalazuu
73413929,Emelone
75473750,Emelone
75935675,Secomber
42067052,High Hold
96502286,Daerlun
97702699,Phent
59690766,Eshpurta
11635396,Erebos
34690273,Erebos
35329506,Erebos
37436887,Erebos
42675492,Erebos
21636673,Neverwinter
36869620,Azureleaf
69314471,Velen
60036812,Valls
20897942,Cimbar
98625617,Emmesh
42586227,Eshpurta
56245833,Eshpurta
60353578,Eshpurta
84884534,Eshpurta
17519334,Citadel of Conjurers
82746795,Sambar
20493907,Fort Morninglord
49994754,Citadel of Conjurers
48497391,Tilbrand
63616326,Telflamm
82850443,Neverwinter
26034754,Zazesspur
66433180,Auckney
16205020,Phannaskul
78864628,Suzail
50593108,Toreus
35082280,Pengram
76459725,Everlund
44412688,Everlund
65662811,Eversult
37197285,Eversult
68328427,Eversult
26431806,Assur
92124947,Cathyr
13042484,Nexal
26014100,Fort Calim
28677050,Lushpool
52068877,Ruathym
87256009,Mintarn
43122458,Yuthgalaunt
51497487,Telos City
38334130,Arabel
43109363,Morningstar Hollows
92860365,Nexal
91750870,Phannaskul
61671899,Yhaunn
76267167,Maralith
77644241,Zazesspur
62735904,Maralith
69806142,Caer Westphal
42294787,Waymoot
42481797,Wyrmspine
96613959,Furthinghome
18708965,Cimbar
37325283,Menzoberranzan
42580097,Farview
57722915,Zazesspur
50264547,Farview
49803163,Iriaesbor
31251038,Maur-Eturo
45631081,Korinn
47867145,Proskur
50919185,Bloodstone (Vaasa)
63339030,Wyrmspine
58896754,Mussum
20955641,Emmesh
36101788,Fort Calim
14915950,Azureleaf
63526344,Pengram
61875813,Bloodstone (Damara)
82938088,Darromar
56681796,Mereu
52302302,Thornhold
95316333,Athkatla
52463743,Krenalir
14241963,Iljak
85083278,Kai Shan
58749545,Palost Port
87333492,Phannaskul
12016203,Gracklstugh
53713173,Oman
94462683,Yhaunn
75088222,New Alaron
86947906,Manshaka
35796396,Ironfang Keep
95692082,Blingdenstone
87875637,Morningstar Hollows
32166945,Maralith
31203944,Furthinghome
68849161,Furthinghome
80650462,Dashadjen
54279923,Regent's Field
81822021,Azureleaf
92048856,Arrabar
33103106,Fireshear
91560674,Gauntlgrym
99246111,Gauntlgrym
56202210,Gauntlgrym
16245053,Gauntlgrym
67206461,Cathyr
88264610,Yhaunn
79264711,Amphail
79187353,Neverwinter
23384707,Hundlestone
49681470,Nykkar
82768803,Uluvin
71192916,Zabbasz
63065934,Malaxer
58725407,Marsember
82211350,Adama's Tooth
65999500,Nexal
61379694,Amruthar
87410672,Skuld
90208957,Darromar
25633934,Arrabar
84603692,Candlekeep
93129677,Eshpurta
75229111,Daerlun
16437673,Huzuz
62745769,Ogden
37277401,Waterdeep
24492430,Goldenfields
70447418,Targos
91221508,Dilpur
54354786,Secomber
62673078,Menzoberranzan
70697027,Azureleaf
96668082,Gracklstugh
62896584,Purple Rock Isles
71724238,Phannaskul
62033060,Ironspur
13377307,Citadel Felbarr
19338058,Murann
62413739,Tilbrand
28571028,Singing Sands
88649385,Telos City
77561610,Duskan
63537056,Arkanax
84807909,Nyth
53610209,Krenalir
66950616,Fort Belurian
49158384,Myratma
56336718,Mussum
97471335,Malaxer
61596124,Mucklestones
94788336,Easting
52479411,Caer Westphal
91552665,Telflamm
29525488,Halagard
34000313,Halagard
33358085,Halagard
99230635,Halagard
38188982,Halagard
53100364,Halagard
63180119,Easting
21045412,Palost Port
47583954,Waymoot
89003210,Silverymoon
18474673,Gauntlgrym
97508931,Tyraturos
12424674,Harrowdale
73905112,Yhaunn
94558337,Rauvincross
39541719,Tilverton
58554479,Yhaunn
44792342,High Hold
65833282,Ironspur
26995016,Mucklestones
64207794,Heliogabalus
73797641,Heliogabalus
76168228,Heliogabalus
83237107,Heliogabalus
82312391,Mucklestones
62283879,Ravenstone
62906948,Calimport
56378559,Gnarhelm
36337357,Fort Calim
75401564,Fort Calim
49304834,Ironmaster
52713678,Heptios
61394098,Heptios
49032617,Heptios
27574512,Heptios
45088852,Heptios
57128225,Sunderstaad
60678189,Waymoot
23297352,Amphail
14854575,The Smoking Keep
45966199,Lyrabar
49679963,Gundbarg
30304094,Mount Talath
30943939,Berranzo
81902596,Riatavin
34883300,Sundrah
96908583,Candlekeep
50096572,Urmlaspyr
73353613,Targos
11707071,Bloodstone (Damara)
93771302,Hlath
53390528,Hlath
42221342,Hlath
34948636,Hlath
99599197,Hlath
46731073,Dashadjen
21527219,Telos City
94043364,Huzuz
44212318,Huzuz
39664143,Dusk Hold
52390183,Holondeth
48727676,Holondeth
79454761,Zazesspur
43716709,Duskan
13581061,Maur-Eturo
37084931,Messemprar
86261551,Myratma
24350347,Duskan
97273485,Beregost
83632577,Jalanthar
83133989,Huzuz
12943886,Huzuz
91058303,Huzuz
95943823,Huzuz
88177523,Red Larch
62132426,Old Vaelan
40387028,Skuld
69138595,Baldur's Gate
39417010,Blackstone
33713004,Urmlaspyr
44008226,Amphail
55974637,Phant
98289810,Targos
34791952,Palost Port
19588411,Iljak
34745882,Erebos
19312265,High Hold
22927689,New Sarshel
80968261,Lyrabar
17116608,Waterdeep
51701421,Eveningstar
46001932,Iljak
32293620,Iljak
46983301,Iljak
88375931,Ilmwatch
22555671,Ilmwatch
76607061,Ilmwatch
40784272,Ilmwatch
12484943,Eshpurta
87089889,Skuld
90631708,The Nath
77702177,Messemprar
34448899,Trademeet
63012697,Singing Sands
13244211,Eveningstar
96653223,Caer Westphal
65491398,Mereu
41608457,Palost Port
57204826,Mulsantir
19297723,Menzoberranzan
77862386,Maralith
97941849,Nexal
53264605,Jalanthar
52430112,Phant
21779895,Whalebone Isles
24215399,Mount Talath
33780506,Iriaesbor
93339962,Iriaesbor
62004087,Cimbar
71615596,Ironfang Keep
34551883,Ironspur
27623043,Purple Rock Isles
58297336,Tilverton
69287529,Nykkar
77261200,Luskan
37271722,Lushpool
73896329,Shoun
43702906,Arn Rock
60961422,Waterdeep
87393583,Amruthar
51750389,Khaerbaal
23307219,Memnon
57776425,Daggerford
77236245,Ilmwatch
86780916,Helm's Hold
58596548,Waterdeep
15387729,Maur-Eturo
15848454,Krenalir
49246068,Maralith
58415723,Easting
92632730,Port Kir
31381206,Everlund
28081088,Waymoot
48824013,Nexal
75589213,Regent's Field
96445838,Halagard
18754933,Phant
31988952,Shoun
69016053,Nethyr
78150023,Alaghon
80398008,High Hold
84468230,Citadel of Conjurers
37958405,Tyraturos
51088756,Citadel Felbarr
27541040,Arabel
33154211,Rivermoot
80095342,Mantol Dereith
99319051,Korinn
25653160,Nexal
23794511,Ironspur
14178487,Tilverton
29869204,New Alaron
94918338,Eveningstar
22269288,Phannaskul
86776721,Lyrabar
87986151,Myth Drannor
50566481,Leilon
94771446,Praka
86636308,Berranzo
53102432,Nethyr
88272913,Bezentil
93607254,Velen
11196352,Beregost
76832753,Starmantle
26022121,Praka
83545992,Grondsgrunn
90723380,Arkanax
49684049,Krenalir
74553590,Khaerbaal
77484784,Telflamm
23678601,Whalebone Isles
99176362,Dashadjen
56358035,Memnonnar
45074981,Marsember
13038208,Easting
73122952,New Sarshel
35202457,Tilbrand
86888742,Lhuvenhead
18817711,Velen
10815690,Caer Moray
75000340,Hundlestone
73150440,Hilltop
82542621,Furthinghome
36347111,Palischuk
95125036,Blackstone
84746112,Ironmaster
77598690,Mount Talath
64718523,Rogarsheim
40128724,Thornhold
21802760,Iljak
24608800,Khaerbaal
54344732,Halagard
77141307,Everlund
87283653,Port Nowhere
27517401,Neverwinter
33870373,Beluir
73320748,Amphail
19790897,Yhaunn
85266333,Silverymoon
86485302,Saerloon
56083342,Ironspur
82476500,Adama's Tooth
57038287,Helm's Hold
97414774,Tharsult
28838949,Nyth
26159072,Blingdenstone
66023424,Neverwinter
65280214,Triel
59960827,Caer Callidyrr
41410289,Singing Sands
22536914,Manshaka
67010455,Horsa
10026256,Triel
44069889,The Smoking Keep
19828870,Grondsgrunn
88956613,Paletorch
85594163,Arabel
73469255,Iriaesbor
30946291,Surthay
85333222,Duskan
85361024,Bloodstone (Vaasa)
32226332,Fort Morninglord
45882824,Baldur's Gate
44169569,Phannaskul
42730208,Koko Nur
72933863,Duskan
99153549,Conyberry
55186191,Aerilpar
86871763,Phant
42445869,Halagard
79662783,Sundabar
87467088,Crimmor
50191597,Port Castigliar
58830271,Eltabbar
34893776,Gracklstugh
41240488,Phannaskul
77263778,Zalazuu
80121390,Neverwinter
18489852,Mintarn
39363266,Huzuz
63034315,Port Castigliar
99649514,Mussum
30675585,Heptios
87512741,Phant
88323273,Lundeth
24055645,Eltabbar
48734142,Emmesh
81308805,Cimbar
30002053,Dusk Hold
54297076,Surthay
59859562,Citadel Felbarr
35365691,Berranzo
38153892,Jalanthar
30103926,Iriaesbor
47377458,Red Larch
77094015,Amphail
73712490,Wyrmspine
39217097,Luskan
28187924,Regent's Field
16284152,Berdusk
12198762,Keltar
39358100,Cimbar
34326747,Emelone
90354209,Paletorch
15524416,Rogarsheim
73795272,Cimbar
73493843,Bloodstone (Damara)
25323929,Conyberry
88348747,Valls
82009117,Bloodstone (Vaasa)
56267744,Erebos
59397995,Port Nowhere
19661307,Phant
88099885,Sunderstaad
62762290,Maralith
16866519,High Hold
17850429,Lundeth
71034957,Fort Calim
74749859,Khaerbaal
38548220,Khaerbaal
19565161,Khaerbaal
50631822,Korinn
51800847,Jalanthar
97228137,Hundlestone
49649866,Norheim
93269005,Port Nowhere
77958662,Sambar
95858705,Furthinghome
52141760,Memnonnar
80686605,Mintarn
81759300,Kai Shan
95101476,Mulsantir
83399434,Hilltop
38454328,Alaghon
94355496,Krenalir
34444176,Krenalir
65277594,Krenalir
50636375,Krenalir
97784299,Crimmor
38074520,Old Vaelan
41026242,Korinn
11024206,Marsember
71970694,Nashkel
84691320,Port Nyanzaru
26745394,Gracklstugh
31144248,Telos City
65998001,Targos
23254044,Scornubel
85860677,Friendly Arm Inn
56670568,Goldenfields
68954738,Lushpool
46252638,Surthay
91478321,Palost Port
35078680,Fort Belurian
98241083,Leilon
17940727,Aerilpar
31366741,Uluvin
11641632,Surthay
70099422,Saerloon
62648080,Ironfang Keep
57855722,The Smoking Keep
13165709,Phandalin
49895322,Memnon
25469942,Velprintalar
78052676,Shamph
64961056,Bloodstone (Vaasa)
70851136,Calimport
29260683,Zalazuu
50247401,Blackstone
68404966,Port Nowhere
87727845,Tharsult
35784264,Maralith
75446110,Targos
67535827,Olafstaad
83369187,Jalanthar
86930523,Lhuvenhead
70346943,Velprintalar
54586296,Valls
75705059,Trademeet
27236780,Citadel Adbarr
66410878,Halagard
94075665,Auckney
90374680,Ordulin
81013449,Amruthar
41993513,Phant
39986349,Tharsult
61253281,New Alaron
26157761,Lhuvenhead
14786881,Caer Moray
56599965,Dusk Hold
22023430,Citadel Felbarr
76175410,Nashkel
81668193,Citadel Adbarr
65658060,Khaerbaal
10657607,Port Nowhere
37178760,Arkanax
14813358,Harrowdale
11831498,Surthay
92830437,Theshburl
34532789,Harrowdale
70407151,Wyrmspine
29461099,Hlath
97798869,Waymoot
25010177,Candlekeep
94790927,Citadel Adbarr
11359787,The Nath
60919137,Memnon
66910553,Alaghon
61924870,Arkanax
21665995,Arrabar
92452983,Athkatla
42361182,Baldur's Gate
61020755,Beluir
72668730,Berdusk
23603953,Bezentil
96258900,Bryn Shander
90870135,Caer Moray
19764674,Calimport
51333420,Cimbar
28843155,Citadel Adbarr
20268152,Citadel Felbarr
25547262,Crimmor
23688894,Daerlun
98543938,Daggerford
50661594,Darromar
29999185,Dilpur
19725889,Eltabbar
20326740,Erebos
65049833,Everlund
38172815,Eversult
42264028,Furthinghome
16458032,Goldenfields
88130934,Halagard
20280663,Heliogabalus
80125837,Heptios
98052809,Hlath
87529405,Holondeth
96326334,Huzuz
53831588,Khaerbaal
53430190,Krenalir
10810480,Lyrabar
60584555,Malaxer
51087166,Maralith
14929084,Marsember
55597433,Mereu
22425531,Messemprar
66633788,Mithral Hall
60553536,Mucklestones
72243188,Murann
86051796,Mussum
63723562,Myratma
69762105,Nethyr
67412459,Nexal
40866376,Old Vaelan
70796439,Ordulin
84718701,Paletorch
68821736,Phannaskul
72332170,Port Nowhere
58999482,Priapurl
16844505,Riatavin
97344356,Rivermoot
24014897,Secomber
20701773,Shamph
91768456,Silverymoon
68925132,Starmantle
69068652,Surthay
72522978,Suzail
68412941,Telos City
67117716,Thindar
94935571,Toreus
88446526,Trademeet
81102948,Velprintalar
54862026,Waterdeep
62813046,Yuthgalaunt
88998012,Zabbasz
92865337,Zazesspur
97036705,Whalebone Isles
29168212,Regent's Field
38602218,Shamph
83348448,Zalazuu
26126103,Keltar
85166109,Grondsgrunn
77050010,Mereu
70865294,Friendly Arm Inn
88791370,Citadel Adbarr
70442498,Zazesspur
98281610,Nykkar
62956696,Grondsgrunn
59444204,Nexal
60140698,Sambar
82998540,Wyrmspine
64873373,Sunderstaad
15116739,Mount Talath
98209141,Mithral Hall
66504718,Mithral Hall
68441988,Waymoot
66847668,Nykkar
94558948,Lushpool
14609413,Lushpool
55833642,Lushpool
10201242,Lushpool
69596833,Maralith
93503508,Riatavin
27078561,Grondsgrunn
56592403,Bloodstone (Damara)
44514776,Maur-Eturo
51977779,Priapurl
42825044,Tilbrand
96894878,Krenalir
91349711,Beregost
62777758,Targos
17961790,Conyberry
96778549,Sambar
16203642,Mulsantir
85936005,Lyrabar
83297751,Lyrabar
82890901,Lyrabar
17682268,Port Castigliar
55056226,Heliogabalus
98338914,Cedarspoke
59209096,High Hold
55320070,Mussum
22671817,Highrock
84206994,Rogarsheim
97898034,Kork
54930763,Waymoot
93402454,Manshaka
92613900,Athkatla
28287278,Zabbasz
24257214,Nethyr
35302503,Emmesh
79504345,Dilpur
35221736,Keltar
54001364,Malaxer
64326493,Malaxer
31566926,Malaxer
80009373,Malaxer
11897328,Malaxer
84417832,The Smoking Keep
11732811,Priapurl
30104378,Halagard
90634212,Maralith
29314187,Maralith
25147405,Maralith
95371719,Maralith
85702920,Maralith
68854642,Singing Sands
36997577,Thindar
76213772,The Nath
62785414,Elturel
70585311,Korinn
71207248,Iljak
42572808,Eltabbar
40734759,Hlath
21709286,Saerloon
71486950,Crimmor
17138630,Fireshear
44726197,Gnarhelm
52428541,Fort Morninglord
62988977,Lushpool
64589152,Eveningstar
84444454,Baldur's Gate
76642140,Shimmerglade
29142736,Farview
57024307,Urmlaspyr
63824710,Memnon
37872888,Crimmor
98431691,Mithral Hall
98645331,Ironfang Keep
75634442,Priapurl
52823334,Caer Westphal
58865243,Ravenstone
82059518,Elturel
75744304,Khaerbaal
28561500,Cedarspoke
76313911,High Hold
72640871,Iljak
42117315,Nethyr
78285111,Assur
33501391,Mintarn
39933588,Dwarven Valley
90712984,Marsember
44203190,Marsember
39659164,Marsember
45614752,Marsember
58154183,Marsember
61800142,Caer Callidyrr
47216940,Koko Nur
12069630,Erebos
51609454,The Smoking Keep
85434646,Cedarspoke
93997804,Fireshear
91562018,Telos City
78580059,Gracklstugh
60521513,Berdusk
39435091,Kai Shan
22067706,Emelone
23979497,Phant
74075773,Menzoberranzan
16215745,Gnarhelm
68654064,Yhaunn
70431003,Eltabbar
44761104,Valls
91494783,Velprintalar
31768237,Citadel Felbarr
87823126,Memnonnar
41570483,Rivermoot
80571767,Tilbrand
99079015,Maur-Eturo
45669474,Neverwinter
44210045,Easting
81158386,Singing Sands
27632209,Toreus
16298521,Goldenfields
34948885,Marsember
18321329,Iriaesbor
64927919,Conyberry
89041388,Kai Shan
96242386,Blingdenstone
69177015,Shimmerglade
50756752,Mereu
56104983,Mereu
92604681,Mereu
31940319,Nethyr
12063030,Messemprar
63550902,Messemprar
40225880,Messemprar
79617698,Messemprar
46993211,Messemprar
99284345,Nyth
95765754,Telos City
41081195,Scornubel
25346184,Emelone
19887336,Bloodstone (Vaasa)
96167020,Duskan
92931537,Tilbrand
58375136,Proskur
39553375,New Sarshel
11340243,Luskan
24317089,Emelone
60347021,Alaghon
60186672,Darromar
20532241,Mintarn
73513532,Helm's Hold
70553098,Mithral Hall
63628490,Helm's Hold
76669105,Pengram
44343363,Kai Shan
21652469,Secomber
98088436,Theshburl
38894870,Erebos
14426731,Mirabar
20665448,Mirabar
51170757,Darromar
20000800,Lhuvenhead
86566972,Scornubel
11512638,Nexal
91171424,Khaerbaal
33057327,Lundeth
54869887,Mithral Hall
50912713,Mithral Hall
77617294,Mithral Hall
51433501,Mithral Hall
91027631,Mithral Hall
63660408,Amphail
94980649,Krenalir
57741122,Shamph
58214839,Purple Rock Isles
37302748,Mussum
51734523,Velen
76456506,Athkatla
96928354,Mount Talath
41851160,Morningstar Hollows
66540588,Morningstar Hollows
24281476,Morningstar Hollows
17400067,Malaxer
99252807,Pengram
37047328,Athkatla
52158156,Mount Talath
75298501,Mount Talath
32709704,Mount Talath
89219703,Mount Talath
99201057,Gauntlgrym
91338306,Mucklestones
10968367,Mulsantir
39803592,Mulsantir
34898152,Mulsantir
92835398,Mulsantir
21227701,Murann
55325300,Murann
99614030,Murann
91890677,Murann
97514026,Mussum
49357368,Mussum
45148566,Mussum
87908201,Mussum
20781296,Myratma
47337279,Hundlestone
21610506,Olafstaad
92585372,Farview
54540371,Myth Drannor
13012885,Myth Drannor
34378378,Palost Port
65967680,Beluir
42205796,Fireshear
86635014,Farview
69497047,Phannaskul
52008539,Nashkel
61103709,Triel
13582713,Gnarhelm
85756214,Starmantle
34254819,New Sarshel
28599356,Memnonnar
67881701,Telos City
47159877,Malaxer
20829216,Whalebone Isles
31065742,Saerloon
92325628,Iljak
16565205,Mussum
11335962,Neverwinter
62788209,New Alaron
64736506,New Sarshel
37629962,Nexal
43359567,Nexal
46841356,Nexal
67731168,Nexal
69712202,Nexal
26209652,Candlekeep
18380897,Myratma
51665832,Ruathym
45152317,Ordulin
56109338,Gundbarg
73704413,Rauvincross
29073497,Port Castigliar
56561320,Nyth
31305321,Jalanthar
37742414,Urmlaspyr
49737116,Ironmaster
86505352,Alaghon
89920166,Arkanax
92950105,Arrabar
72059580,Athkatla
52288896,Beluir
60337067,Calimport
16614161,Candlekeep
63659017,Cedarspoke
74029186,Cimbar
21845471,Citadel Adbarr
82876917,Citadel Felbarr
39541093,Crimmor
59442995,Daerlun
46742943,Darromar
11452842,Dilpur
69815204,Elturel
86001173,Erebos
73921265,Eshpurta
20752341,Furthinghome
92016893,Gauntlgrym
17582203,Gracklstugh
96063669,Halagard
45128512,Hammerstaad
65014092,Heliogabalus
78533451,Heptios
73955185,Hlath
40034784,Iljak
23962110,Ilmwatch
81376574,Krenalir
57415224,Lundeth
77534387,Lyrabar
80809624,Malaxer
12262471,Maralith
44537832,Marsember
50216911,Memnon
29308801,Messemprar
12530510,Mirabar
43620031,Mithral Hall
29679034,Mount Talath
75436691,Murann
38853086,Myratma
61907643,Nexal
19398312,Norheim
75794294,Nyth
69902150,Ordulin
61050702,Palischuk
33812899,Phannaskul
54631907,Port Kir
98907573,Port Nyanzaru
45081266,Priapurl
21292198,Rauvincross
92405510,Riatavin
82172490,Scornubel
89220694,Secomber
58487998,Shoun
83984437,Silverymoon
43803872,Starmantle
62772606,Suzail
51276148,The Smoking Keep
43262228,Thindar
23269965,Thornhold
69745513,Trademeet
54092893,Velen
94099906,Waterdeep
84608231,Yuthgalaunt
60028421,Zabbasz
25305092,Zalazuu
20401418,Nyth
56874571,Nyth
61030714,Auckney
15355868,Ruathym
24542621,Dashadjen
36345093,Hlath
22686965,Myratma
21148164,Phent
88452816,New Alaron
77161339,Olafstaad
38299014,Ironmaster
87865716,Citadel Adbarr
51050898,Arn Rock
75540760,Shimmerglade
98827021,Highrock
27206804,Paletorch
45637586,Phent
78253301,Aerilpar
11213642,Alaghon
70256643,Arkanax
82758806,Athkatla
68233667,Baldur's Gate
27836236,Berdusk
52937799,Calimport
87750439,Cedarspoke
87249644,Citadel Adbarr
46871703,Citadel Felbarr
36343171,Crimmor
89819790,Darromar
33604456,Easting
18153606,Erebos
71545513,Eshpurta
89290196,Gnarhelm
98825407,Heptios
29340783,Hlath
13583164,Iljak
34552126,Iriaesbor
16806730,Krenalir
86532562,Lushpool
59402022,Luskan
77069116,Malaxer
31750380,Marsember
90670255,Messemprar
81660042,Murann
40654863,New Sarshel
23780603,Ordulin
94021477,Paletorch
46019118,Phannaskul
50624535,Phent
21648399,Port Castigliar
24854529,Port Nyanzaru
12834347,Riatavin
47940242,Shoun
89087598,Starmantle
67442227,Suzail
35150028,Telos City
92320607,Theshburl
47647475,Thindar
39787882,Thornhold
14361764,Trademeet
65973789,Triel
10130735,Tyraturos
97438463,Waterdeep
15590260,Yuthgalaunt
46746006,Zabbasz
87080239,Ordulin
84555341,Ordulin
99067970,Ordulin
67743781,Ordulin
35519964,Ordulin
49584577,Sundabar
55923821,Silverymoon
23839179,Ruathym
59192068,Hundlestone
41192077,Secomber
77733586,Phandalin
23573405,Caer Moray
24243112,Port Kir
29033041,Heptios
92265825,Beluir
94375321,Paletorch
76854841,Duskan
15711554,Caer Moray
14248281,Darromar
96480850,Lyrabar
10549906,Yuthgalaunt
67189904,Mereu
11423692,Neverwinter
25324222,Tyraturos
10866334,Sunderstaad
74503087,Luskan
78807946,Sambar
19036607,Holondeth
73225876,Old Vaelan
95674440,Emelone
43216848,Secomber
92667443,Halagard
96564594,Hlath
16950748,Phannaskul
24122829,Phannaskul
51079703,Phannaskul
64269844,Phannaskul
22469627,Ilmwatch
23778257,Silverymoon
85174563,Ravenstone
70313628,Paletorch
66848164,Waymoot
66305886,Krenalir
26586210,Scornubel
27886039,Holondeth
67640938,Praka
79323570,Old Vaelan
36946161,Hilltop
19562419,Maur-Eturo
23489701,Memnonnar
74567347,Regent's Field
66502502,Port Castigliar
86783152,Port Kir
66226333,Port Nyanzaru
50724265,Port Nyanzaru
62759413,Praka
39108529,Telos City
45529499,Cathyr
58315556,Priapurl
87455415,Elturel
15945022,Velprintalar
50512088,Holondeth
55759261,Wyrmspine
46668002,Proskur
73703300,Proskur
65906409,Baldur's Gate
53354871,Praka
66720532,Caer Moray
52747370,Phandalin
90177038,Auckney
72504776,Messemprar
79678442,Alaghon
23772249,Whalebone Isles
56644681,Tharsult
67074271,Hlath
58392350,Kuo Te' Lung
29220478,Sunderstaad
35940820,Auckney
28015304,Dusk Hold
77582068,Triel
48657935,Eshpurta
85439904,Highrock
80656014,Easting
39035351,Conyberry
10310816,Telos City
94131726,Heptios
94647747,Saerloon
55061678,Rauvincross
19138585,Proskur
37474413,Ironmaster
34744586,Shimmerglade
59003683,Ruathym
81412523,New Sarshel
84394384,Koko Nur
49918585,Ilmwatch
47414330,Lyrabar
10872554,Regent's Field
89837794,Pengram
92840622,Wai
61901689,Holondeth
20426592,Riatavin
58033435,Citadel of Conjurers
66442261,Krenalir
54697625,Farview
85272826,Sambar
24567227,Krenalir
16757084,Caer Westphal
36645373,Sambar
71595383,Messemprar
69419230,Elturel
90334394,Mirabar
72945524,Rauvincross
71449726,Beregost
66952384,Harrowdale
23078196,Targos
70016137,Mintarn
70743902,Telflamm
56494517,Nethyr
29630098,Menzoberranzan
35690336,Adama's Tooth
78419737,Eversult
15010302,Luskan
60662089,Citadel of Conjurers
13888044,Zazesspur
22712899,Horsa
92406912,Crimmor
82842091,Lundeth
47483539,Lushpool
96476688,Amphail
13127371,Dwarven Valley
53179844,Riatavin
79466312,Riatavin
66220097,Riatavin
76330674,Daggerford
88093375,Pengram
31240707,Candlekeep
87206966,Gundbarg
39391383,Sambar
90735549,Old Vaelan
99526823,Ravenstone
82892772,Trademeet
41359813,Citadel Felbarr
61269880,Dashadjen
48929767,Assur
93793959,Mithral Hall
63665893,Arabel
44734297,Highrock
98243903,Sundabar
48380123,Farview
23637054,Blingdenstone
51383619,Leilon
79404522,Lhuvenhead
39493895,Hundlestone
60149289,Rogarsheim
63393935,Manshaka
26044332,Bloodstone (Vaasa)
19714339,Azureleaf
45381215,Amphail
29475809,Tharsult
16737209,Luskan
76805483,Bryn Shander
77703278,Tilbrand
67981528,Arkanax
16810565,Eshpurta
25870275,Triel
52626323,High Hold
73194026,Berdusk
36811564,Tilverton
89242754,Purple Rock Isles
15760118,Auckney
21355504,High Hold
75994962,Velprintalar
50319468,Yhaunn
24938874,Vaelan
85047873,Friendly Arm Inn
58849337,Thornhold
43145484,Uluvin
24913334,Palischuk
90856790,Dwarven Valley
40103467,Bryn Shander
25604020,Aerilpar
42302364,Iriaesbor
93697328,Nykkar
33581385,Saerloon
48148860,Saerloon
27537937,Saerloon
51754661,Dilpur
92182732,Halagard
42791543,Mulsantir
73386077,Memnonnar
70954864,Arkanax
67855107,Ironmaster
67138544,Auckney
93771473,Mirabar
46485579,Citadel Felbarr
97059008,High Hold
20903781,Phandalin
63726302,Baldur's Gate
53286151,Scornubel
66609755,Scornubel
45622418,The Nath
52731693,Surthay
64442886,Trademeet
42004193,Secomber
32662849,Secomber
16805457,Secomber
39912562,Secomber
38304203,Saerloon
36155494,Duskan
90377970,Lyrabar
62284281,Mussum
82858705,Caer Westphal
78319436,Crimmor
22516751,Velprintalar
71524642,Baldur's Gate
91919249,Halagard
76100301,Arrabar
64187894,Shamph
73170005,Shamph
75644293,Shamph
62373322,Shamph
28330078,Sundrah
33956452,Myth Drannor
36689766,Pengram
11459283,Ruathym
18301471,Assur
67254143,Shoun
67888314,Telos City
34560990,Gracklstugh
68512935,Murann
39082250,Huzuz
95000444,Beluir
23740829,Thornhold
38466621,Silverymoon
73721386,Silverymoon
80308431,Silverymoon
39580605,Emelone
17959255,Regent's Field
79589518,Tyraturos
37863283,Citadel Felbarr
86265850,Halagard
11282169,Rivermoot
87195169,Singing Sands
10520476,Skuld
84476481,Olafstaad
59686224,Fort Morninglord
62260398,Waterdeep
99584661,Telos City
29831730,Mucklestones
47236718,Ironfang Keep
41946162,Azureleaf
92316413,Purple Rock Isles
71884644,Aerilpar
49526408,Halagard
18491199,Sundabar
41461458,Arn Rock
40721590,Ogden
95158794,Bloodstone (Damara)
55789465,Starmantle
17446355,Starmantle
37147997,Starmantle
34669261,Starmantle
16103072,Ilmwatch
35460856,Port Nowhere
12013943,Iriaesbor
56650803,Arn Rock
59887390,Ruathym
22395255,Berdusk
98168829,Messemprar
77345078,Arrabar
24257445,Wyrmspine
18139567,Uluvin
77279593,Dwarven Valley
78817289,Manshaka
31265908,Nashkel
60732610,Surthay
46739139,Old Vaelan
73231965,Theshburl
24447241,Sundabar
20179121,Sundrah
26040714,Sundrah
18429255,Starmantle
83157748,Citadel Adbarr
91972779,Suzail
14660196,Suzail
75773378,Suzail
65424642,Suzail
32652492,Suzail
19390692,Dwarven Valley
60550573,Suzail
28746315,Darromar
10831906,Ravenstone
17291626,Starmantle
47988919,Regent's Field
77045173,Eversult
36371599,Pengram
45681558,Eltabbar
90228452,Pengram
67834407,Grondsgrunn
51621131,Mirabar
35796429,Sundrah
73607940,Bryn Shander
36566485,Uluvin
77625219,Mussum
60665504,Telflamm
53733219,Telos City
56904904,Telos City
95792482,Telos City
70982965,Mintarn
95606342,Daerlun
53751827,Rivermoot
68080103,Rogarsheim
73644349,Sambar
13462214,Gauntlgrym
89440005,Regent's Field
88261510,Cedarspoke
74565968,Maur-Eturo
12007967,Ilmwatch
74380412,Messemprar
40158363,Krenalir
81421456,New Alaron
29335695,Memnonnar
45725529,Hundlestone
41091227,Jalanthar
50177007,Gauntlgrym
55331608,Tharsult
75608535,Koko Nur
75422437,Tyraturos
42630150,Rivermoot
40538952,Conyberry
90328840,Port Castigliar
69365126,Dwarven Valley
13432626,Caer Moray
82682815,Waterdeep
90154786,Phandalin
54608812,Rauvincross
55747065,Darromar
92762218,Eshpurta
99568363,Caer Moray
12542396,Wai
25251669,Dusk Hold
40823651,Mereu
32837595,New Alaron
66625592,Caer Callidyrr
48981273,Starmantle
14642319,Baldur's Gate
23672489,Huzuz
50577149,Murann
69191682,Zalazuu
42942567,Bezentil
98587524,Rogarsheim
39906353,Messemprar
48370261,Trademeet
58067209,Singing Sands
62173638,Nykkar
30063465,Palost Port
13552953,Amphail
66410205,Wai
48335956,Norheim
37191514,Berranzo
94055916,Phandalin
21215332,Shimmerglade
91287985,Crimmor
28389510,Waymoot
81668177,Zabbasz
68549986,Mussum
98759337,Toreus
27310072,Candlekeep
40871812,Caer Callidyrr
89058940,Candlekeep
76466738,Menzoberranzan
16572900,Bryn Shander
16229416,Red Larch
27670438,Emmesh
12650929,Koko Nur
13792574,Maralith
54506209,Old Vaelan
68752060,High Hold
13726009,Ordulin
54308640,Candlekeep
91764044,Nyth
64826063,Iriaesbor
42040363,Norheim
32958473,Palost Port
77733198,Sundabar
59652633,Norheim
45451572,Trademeet
65286622,Aerilpar
60633781,Tilbrand
20307162,Emmesh
66638831,Alaghon
39239731,Morningstar Hollows
60339419,Ironmaster
86921568,Tyraturos
49758418,Bryn Shander
23724399,Surthay
21538071,Arn Rock
72718874,Shimmerglade
83628685,Nashkel
34798462,Wai
76884062,Horsa
59963308,Ilmwatch
20781672,Manshaka
74467905,Wai
47812693,The Nath
95742725,Lundeth
52397362,Khaerbaal
72239141,Memnon
36537995,Iriaesbor
67356311,Targos
41329732,Heliogabalus
18696071,Amruthar
59750823,Heliogabalus
83404306,Fort Belurian
59659575,Eshpurta
92568739,Friendly Arm Inn
87353096,Furthinghome
57623083,Whalebone Isles
67809804,Nexal
30213008,Mintarn
36792001,Velen
92087084,Krenalir
24260084,Cedarspoke
12996015,Huzuz
61166837,Tharsult
50458658,Berdusk
93045441,Citadel Adbarr
95219503,Mucklestones
40080783,Proskur
91939521,Port Castigliar
69496224,Urmlaspyr
78017910,Caer Westphal
38701468,Ogden
24376589,Erebos
29782381,The Smoking Keep
34193931,Athkatla
87537290,Wyrmspine
39595888,Whalebone Isles
57388019,Telflamm
33754690,Port Kir
98038203,Hundlestone
46925218,Athkatla
60494454,Tilbrand
26222975,Marsember
15920424,Phant
50193003,Easting
73621788,Highrock
30215393,Velprintalar
74513608,Goldenfields
20961099,Ordulin
86865729,Secomber
48162508,Caer Westphal
70721875,Urmlaspyr
61899075,Baldur's Gate
71126168,Ironspur
53013240,Nyth
50718632,Gracklstugh
97922903,Azureleaf
88934690,Fort Calim
27161395,The Nath
96544811,The Nath
69326408,The Nath
43417107,The Nath
16427825,Dwarven Valley
51710594,Nykkar
88769894,Phandalin
96736751,Olafstaad
11010078,Daerlun
46107791,Skuld
21013490,Sunderstaad
94882290,Arrabar
30822753,Amruthar
65326182,Paletorch
56545650,Erebos
70363296,Iriaesbor
94831918,Waymoot
82979947,Riatavin
10450826,The Smoking Keep
76826100,Duskan
36862530,Phent
10493373,Valls
52152029,Hammerstaad
38333408,Citadel of Conjurers
28191265,Nethyr
94277447,Phannaskul
89534868,Citadel of Conjurers
63299358,Adama's Tooth
22059880,Shoun
12073635,Trademeet
61321138,Gracklstugh
49542697,Nashkel
82765101,Harrowdale
31869952,Holondeth
15487167,Norheim
42713675,Wyrmspine
76298780,Blackstone
75420182,Citadel of Conjurers
52647861,Daggerford
63233092,Phannaskul
63032941,Rivermoot
23814627,Eveningstar
32188930,Mirabar
42802390,Vaelan
66731892,Palischuk
64150574,Myth Drannor
90609783,Triel
66655116,Fort Belurian
29333907,Vaelan
79403804,Keltar
97397838,Leilon
13554055,The Smoking Keep
77177641,The Smoking Keep
91968351,The Smoking Keep
17366260,The Smoking Keep
77646913,New Sarshel
34060552,Fort Morninglord
13441175,Daerlun
76735654,Oman
25364095,Palischuk
60251248,Bryn Shander
96764003,Farview
63579248,Trademeet
45369172,Ruathym
52568373,Ilmwatch
27948058,Caer Westphal
35173292,Berdusk
36463357,Mithral Hall
46602150,Bryn Shander
15768037,Calimport
59847497,Heliogabalus
34109644,Silverymoon
74377464,Starmantle
25318231,Gnarhelm
89043407,Mereu
28116994,Paletorch
66732453,Proskur
36249811,Maralith
27350104,Phent
16414058,Mucklestones
51429711,Fort Morninglord
13124296,Kai Shan
31110850,Velen
31108510,Ordulin
54620426,Friendly Arm Inn
78917216,Hlath
85171415,Azureleaf
80898741,Murann
40297223,Citadel of Conjurers
10766381,Khaerbaal
92577386,Urmlaspyr
70828033,Thindar
10498320,Thindar
14168186,Thindar
23166983,Thindar
19866196,Thindar
68050864,Aerilpar
76296373,Leilon
65809498,Gracklstugh
43265602,Dusk Hold
25061914,Berdusk
88900781,Telos City
32382397,Auckney
70688644,Urmlaspyr
49111117,Tharsult
81065438,Thornhold
67110086,Thornhold
85200335,Thornhold
62954026,Alaghon
36223107,Arkanax
20798002,Arrabar
63217100,Athkatla
19983713,Baldur's Gate
31192986,Bezentil
19689514,Calimport
95865542,Cathyr
59803469,Cimbar
97590570,Citadel Adbarr
90094213,Citadel Felbarr
27945656,Crimmor
70744005,Daerlun
59609067,Darromar
14793844,Dilpur
24607331,Eltabbar
24067257,Elturel
59882574,Erebos
28053401,Eshpurta
67096685,Everlund
43068029,Eversult
15837875,Farview
64508526,Gauntlgrym
87277243,Goldenfields
33049261,Gracklstugh
59242107,Halagard
29123674,Harrowdale
59835961,Heliogabalus
44418554,Heptios
29189043,Hlath
59274519,Holondeth
72435637,Huzuz
97931511,Iljak
54465451,Iriaesbor
40764619,Khaerbaal
68527159,Krenalir
78516798,Lundeth
51510678,Lushpool
13929562,Lyrabar
71804169,Malaxer
75780499,Maralith
89270608,Marsember
22748007,Memnon
21225727,Messemprar
95056232,Mithral Hall
69739965,Mount Talath
22531475,Murann
52828088,Mussum
31957643,Myratma
27716689,Myth Drannor
44314221,Ordulin
40665930,Phannaskul
19969339,Port Castigliar
84995982,Port Kir
15415032,Ravenstone
68917484,Riatavin
60224973,Scornubel
87288035,Secomber
55476739,Shamph
49329968,Shimmerglade
67218801,Shoun
36780120,Silverymoon
53923453,Starmantle
63972934,Sundabar
56424120,Suzail
75500972,Telflamm
81944870,Telos City
21689519,The Nath
75594571,Theshburl
42958828,Thindar
67482609,Thunderstone
42152440,Tilverton
99270071,Toreus
26177045,Trademeet
87760673,Triel
72200852,Vaelan
40598019,Velen
60330754,Waterdeep
48624718,Yhaunn
24270717,Yuthgalaunt
82069911,Zabbasz
29592742,Zalazuu
68381076,Zazesspur
54576389,Thunderstone
68503177,Thunderstone
21861441,Thunderstone
61755134,Thunderstone
25157409,Highrock
30423699,Velen
75879796,Tilverton
40174966,Dusk Hold
67774648,Thornhold
50308886,Heptios
94966265,Berranzo
26738235,Amruthar
46349837,Blingdenstone
80395059,Gnarhelm
18078070,Suzail
57627176,Palischuk
38546229,Darromar
88311168,Candlekeep
50471197,Lhuvenhead
59029049,Eshpurta
27439229,Toreus
72871417,Toreus
58930870,Toreus
18644017,Starmantle
41854659,Trademeet
62395734,Trademeet
65282675,Trademeet
99122576,Trademeet
17786460,Trademeet
17217011,Triel
27067429,Triel
83902355,Triel
47316819,Triel
27250879,Zabbasz
83562379,Triel
13302553,Mussum
87345347,Shoun
29085279,Assur
47232915,Manshaka
63094937,Port Kir
18518260,Iljak
28004388,Thunderstone
77566197,Koko Nur
28174792,Cathyr
91866454,Tyraturos
26771241,Norheim
46881518,Telflamm
36310160,Huzuz
86374607,Tyraturos
80846081,Ordulin
34396757,Rogarsheim
29778315,Vaelan
87416213,Memnon
97736522,Urmlaspyr
51901429,Urmlaspyr
43768190,Emmesh
81234333,Wyrmspine
45043353,Waymoot
21379669,Crimmor
88734027,Vaelan
99244581,Kuo Te' Lung
54285372,Erebos
97278153,Blackstone
46531082,Baldur's Gate
31126450,Valls
44542263,Uluvin
34646750,Caer Callidyrr
22396537,Gauntlgrym
33682800,Waterdeep
30834885,Wai
90359782,Shimmerglade
47710624,Velen
77893627,Velen
74419803,Velen
84968306,Berranzo
90661244,Vaelan
98440935,Mucklestones
18070216,Alaghon
99906304,Blingdenstone
27912266,Holondeth
33654431,Lushpool
39206893,Athkatla
57151562,Starmantle
37865093,Nethyr
29506844,High Hold
10954968,Phandalin
47721749,Athkatla
46340061,Fort Calim
10811274,Oman
34360585,Memnon
14669698,Port Kir
38776117,Elturel
29479060,Sundrah
88469414,Leilon
49280462,Port Nowhere
47670495,Waterdeep
62867330,Waterdeep
22142346,Waterdeep
39219854,Waterdeep
29391096,Waterdeep
31354706,Fireshear
65504740,Secomber
33906587,Heptios
88310868,Horsa
58206717,Scornubel
70422718,Scornubel
56903616,Silverymoon
30117060,Phant
18381264,Silverymoon
16521133,Elturel
58265474,Koko Nur
25330668,Eveningstar
97616109,Oman
39368899,Calimport
48491490,Rogarsheim
38077688,Dilpur
64830046,Athkatla
90142864,Port Nowhere
48826191,Malaxer
82097508,Memnon
54240084,Farview
61627312,Thornhold
46134828,Helm's Hold
28578952,Darromar
43840759,Fort Morninglord
57763753,Phandalin
82513827,Daerlun
99632863,Nethyr
55633517,Cathyr
19707572,Lundeth
10761407,Urmlaspyr
26613488,Myth Drannor
83154903,Saerloon
94202538,Ironfang Keep
15482369,Zazesspur
61860933,Korinn
69859589,Wyrmspine
13175618,Thindar
82655896,Emmesh
82997421,Urmlaspyr
70161569,Sambar
37570602,Citadel of Conjurers
70066749,Alaghon
48673799,Yuthgalaunt
16712143,Yuthgalaunt
61440185,Yuthgalaunt
37438199,Yuthgalaunt
80208888,Yuthgalaunt
68762729,Zabbasz
66884950,Zabbasz
80777266,Zabbasz
16705729,Zabbasz
37464868,Emmesh
49750270,Zalazuu
16904081,Zalazuu
45893211,Zalazuu
27605453,Zalazuu
68577880,Daggerford
72930877,Hundlestone
55173317,Zazesspur
23987716,Zazesspur
55647819,Mucklestones
22821544,Uluvin
92186268,Ilmwatch
78546038,Eltabbar
17486865,Hammerstaad
49605744,Old Vaelan
67703568,Auckney
83135666,Lyrabar
27787887,Shoun
29189738,Everlund
10858604,Skuld
95948867,Ravenstone
51994778,Berdusk
21796691,Shamph
39327298,Shamph
56834629,The Smoking Keep
56027482,Luskan
58563461,Uluvin
94716356,Lushpool
84383524,Nashkel
80977033,Eltabbar
72763622,Targos
80116719,Everlund
52671095,Menzoberranzan
75886114,Azureleaf
40516158,Caer Westphal
59759510,Iriaesbor
81767576,Ironspur
15019018,Waterdeep
16129158,Easting
